{
    "strapdown": [
        0.9982460141181946,
        -0.05892135202884674,
        0.005782396998256445,
        0.05879839509725571,
        0.9980815052986145,
        0.0193971935659647,
        -0.006914424244314432,
        -0.019022980704903604,
        0.9997949600219727
    ],
    "accel_affine": [
        0.99979168176651,
        -0.0978131890296936,
        -0.004309367388486862,
        0.38815465569496157,
        0.020058920606970788,
        1.0028105974197388,
        0.024264059960842134,
        -0.04952399432659149,
        -0.015886109322309495,
        -0.01322865579277277,
        0.9888690114021301,
        -0.16033847630023957,
        0.0,
        0.0,
        0.0,
        1.0
    ],
    "accel_fit_mean": 0.3197225332260132
}