{
    "strapdown": [
        0.009777571074664593,
        -0.9999074935913086,
        -0.009441647678613663,
        0.9999096393585205,
        0.009689699858427048,
        0.009312573820352555,
        -0.009220247156918049,
        -0.009531840682029724,
        0.9999120831489563
    ],
    "accel_affine": [
        0.02403271198272705,
        -1.0031037330627442,
        -0.01252913661301136,
        0.16807734966278077,
        1.000398874282837,
        -0.004525363445281982,
        0.01191756408661604,
        -0.21092721819877625,
        -0.0063783396035432819,
        -0.006175247952342033,
        0.9850451350212097,
        0.10310222953557968,
        0.0,
        0.0,
        0.0,
        1.0
    ],
    "accel_fit_mean": 0.41511118412