{
    "accel_fit_mean": 0.2424466609954834,
    "strapdown": [
        0.030867628753185273,
        -0.9982597827911377,
        0.050247009843587878,
        0.999252200126648,
        0.02964877150952816,
        -0.024824868887662889,
        0.023291921243071557,
        0.050975751131772998,
        0.9984284043312073
    ],
    "accel_affine": [
        0.06464895606040955,
        -1.0009287595748902,
        0.04430166631937027,
        0.3802263140678406,
        1.0038937330245972,
        -0.003984212875366211,
        -0.022698305547237397,
        -0.08157346397638321,
        0.0234290212392807,
        0.0557938814163208,
        0.9888809323310852,
        0.20870114862918855,
        0.0,
        0.0,
        0.0,
        1.0
    ]
}