{
    "accel_affine": [
        1.000643014907837,
        0.03113575279712677,
        0.014707133173942566,
        0.05894581228494644,
        0.004592238925397396,
        0.9274501800537109,
        -0.042486559599637988,
        -0.161056250333786,
        -0.04410327225923538,
        0.05194241553544998,
        0.9922754168510437,
        -0.17242850363254548,
        0.0,
        0.0,
        0.0,
        1.0
    ],
    "accel_fit_mean": 0.11564630270004273,
    "strapdown": [
        0.9994544982910156,
        0.014785731211304665,
        0.029520951211452485,
        -0.013306562788784504,
        0.9986761212348938,
        -0.04969669133424759,
        -0.030215635895729066,
        0.04927699267864227,
        0.9983278512954712
    ]
}